text,label
Biaya admin BCA,fees
Potongan administrasi bulanan,fees
Biaya transfer antar bank,fees
Biaya materai transaksi,fees
Biaya layanan perbulan,fees
Potongan admin rekening,fees
Biaya admin OVO,fees
Biaya admin GoPay,fees
Biaya admin DANA,fees
Biaya admin ShopeePay,fees
Potongan admin transfer,fees
Biaya admin kartu kredit,fees
Biaya administrasi tabungan,fees
Potongan biaya layanan,fees
Biaya admin bulanan BCA,fees
Biaya admin ATM Mandiri,fees
Potongan admin BRI,fees
Biaya admin BNI,fees
Biaya admin CIMB,fees
Potongan administrasi,fees
Biaya admin virtual account,fees
Biaya admin QRIS,fees
Potongan admin e-wallet,fees
Biaya admin mobile banking,fees
Biaya admin internet banking,fees
Potongan biaya transfer,fees
Biaya admin tarik tunai,fees
Biaya admin setor tunai,fees
Potongan admin rekening koran,fees
Biaya admin kartu debit,fees
Biaya admin kartu ATM,fees
Potongan admin bulan lalu,fees
Biaya admin Saldo BCA,fees
Biaya admin tabungan BCA,fees
Potongan admin transaksi,fees
Biaya admin penerimaan dana,fees
Biaya admin pengiriman dana,fees
Potongan admin valas,fees
Biaya admin rekening giro,fees
Potongan admin deposito,fees
Biaya admin rekening bersama,fees
Biaya admin rekening korporasi,fees
Potongan admin payroll,fees
Biaya admin transfer keluar,fees
Biaya admin transfer masuk,fees
Potongan admin bank,fees
Biaya admin bulanan Mandiri,fees
Biaya admin bulanan BRI,fees
Biaya admin bulanan BNI,fees
Potongan admin bulanan CIMB,fees
Biaya admin saldo minimum,fees
Biaya admin saldo mengendap,fees
Potongan admin penalti,fees
Biaya admin keterlambatan,fees
Biaya admin denda,fees
Potongan admin tebus,fees
Biaya admin penggantian kartu,fees
Biaya admin pemblokiran kartu,fees
Potongan admin aktifasi,fees
Biaya admin inaktifasi,fees
Biaya admin perubahan data,fees
Potongan admin kliring,fees
Biaya admin inkaso,fees
Potongan admin SKN,fees
Biaya admin RTGS,fees
Potongan admin transfer online,fees
Biaya admin transfer offline,fees
Biaya admin transfer sesama,fees
Potongan admin transfer beda,fees
Biaya admin transfer luar negeri,fees
Biaya admin transfer SWIFT,fees
Potongan admin transfer valas,fees
Biaya admin pembayaran tagihan,fees
Biaya admin pembayaran cicilan,fees
Potongan admin pembayaran pajak,fees
Biaya admin pembayaran BPJS,fees
Biaya admin pembayaran listrik,fees
Potongan admin pembayaran air,fees
Biaya admin pembayaran internet,fees
Biaya admin pembayaran telepon,fees
Potongan admin pembayaran gas,fees
Biaya admin pembayaran asuransi,fees
Biaya admin pembayaran sekolah,fees
Potongan admin pembayaran kuliah,fees
Biaya admin pembayaran sewa,fees
Biaya admin pembayaran kredit,fees
Potongan admin pembayaran pinjaman,fees
Biaya admin investasi,fees
Biaya admin reksadana,fees
Potongan admin saham,fees
Biaya admin obligasi,fees
Biaya admin deposito,fees
Potongan admin giro,fees
Biaya admin tabungan,fees
Biaya admin rekening,fees
Potongan admin kartu kredit,fees
Potongan admin e-money,fees
Biaya admin e-wallet,fees
Biaya admin dompet digital,fees
Potongan admin mobile app,fees
Biaya admin SMS banking,fees
Potongan admin USSD banking,fees
Biaya admin token,fees
Biaya admin digital signature,fees
Potongan admin e-tax,fees
Biaya admin e-invoice,fees
Biaya admin e-receipt,fees
Potongan admin e-statement,fees
Biaya admin notification,fees
Biaya admin alert,fees
Potongan admin reminder,fees
Biaya admin billing,fees
Biaya admin invoice,fees
Potongan admin subscription,fees
Biaya admin membership,fees
Biaya admin premium,fees
Potongan admin service charge,fees
Biaya admin handling,fees
Biaya admin processing,fees
Potongan admin transaction fee,fees
Biaya admin convenience fee,fees
Biaya admin surcharge,fees
Potongan admin penalty,fees
Biaya admin late fee,fees
Biaya admin overdue,fees
Potongan admin interest,fees
Biaya admin finance charge,fees
Biaya admin maintenance fee,fees
Potongan admin annual fee,fees
Biaya admin monthly fee,fees
Biaya admin quarterly fee,fees
Potongan admin yearly fee,fees
Biaya admin activation fee,fees
Biaya admin registration fee,fees
Potongan admin enrollment fee,fees
Biaya admin membership fee,fees
Biaya admin subscription fee,fees
Potongan admin service fee,fees
Biaya admin processing fee,fees
Biaya admin transaction fee,fees
Potongan admin convenience fee,fees
Biaya admin penalty,fees
Potongan admin late fee,fees
Biaya admin interest,fees
Potongan admin finance charge,fees
Biaya admin annual fee,fees
Potongan admin monthly fee,fees
Biaya admin yearly fee,fees
Potongan admin activation fee,fees
Biaya admin enrollment fee,fees
Potongan admin membership fee,fees
Biaya admin service fee,fees
Potongan admin processing fee,fees
Potongan admin surcharge,fees
Potongan admin overdue,fees
Potongan admin maintenance fee,fees
Potongan admin quarterly fee,fees
Potongan admin registration fee,fees
Potongan admin subscription fee,fees
